{
    "accuracy - clean": 60.28075970272502,
    "accuracy - input contaminated": 46.42857142857143,
    "accuracy - input-and-label contaminated": 65.34954407294833
}